userId,movieId,title,rank,rerank_score
1,4,River Picnic (1977),1,0.0
1,5,Clockwork Garden (1977),2,0.0
1,10,Sunny Orchard (1981),3,0.0
1,11,Kite Messenger (1982),4,0.0
1,12,Harbor Lullaby (1983),5,0.0
1,13,Circus Lantern (1983),6,0.0
1,14,Picnic Comet (1984),7,0.0
1,15,Garden Balloon (1985),8,0.0
1,16,Quiet Marionette (1986),9,0.0
1,22,Night Convoy (1990),10,0.0
2,3,Maple Circus (1976),1,0.0
2,5,Clockwork Garden (1977),2,0.0
2,6,Bubble Parade (1978),3,0.0
2,7,Starling School (1979),4,0.0
2,8,Velvet Carousel (1980),5,0.0
2,9,Pebble Kingdom (1980),6,0.0
2,14,Picnic Comet (1984),7,0.0
2,15,Garden Balloon (1985),8,0.0
2,16,Quiet Marionette (1986),9,0.0
2,24,Shadow Warrant (1992),10,0.0
3,3,Maple Circus (1976),1,0.0
3,4,River Picnic (1977),2,0.0
3,8,Velvet Carousel (1980),3,0.0
3,9,Pebble Kingdom (1980),4,0.0
3,10,Sunny Orchard (1981),5,0.0
3,11,Kite Messenger (1982),6,0.0
3,12,Harbor Lullaby (1983),7,0.0
3,13,Circus Lantern (1983),8,0.0
3,16,Quiet Marionette (1986),9,0.0
3,21,Iron Vendetta (1989),10,0.0
4,2,Lantern Harbor (1975),1,0.0
4,5,Clockwork Garden (1977),2,0.0
4,6,Bubble Parade (1978),3,0.0
4,7,Starling School (1979),4,0.0
4,12,Harbor Lullaby (1983),5,0.0
4,13,Circus Lantern (1983),6,0.0
4,14,Picnic Comet (1984),7,0.0
4,15,Garden Balloon (1985),8,0.0
4,16,Quiet Marionette (1986),9,0.0
4,23,Broken Alibi (1991),10,0.0
5,2,Lantern Harbor (1975),1,0.0
5,4,River Picnic (1977),2,0.0
5,6,Bubble Parade (1978),3,0.0
5,7,Starling School (1979),4,0.0
5,9,Pebble Kingdom (1980),5,0.0
5,10,Sunny Orchard (1981),6,0.0
5,11,Kite Messenger (1982),7,0.0
5,16,Quiet Marionette (1986),8,0.0
5,21,Iron Vendetta (1989),9,0.0
5,22,Night Convoy (1990),10,0.0
6,1,Paper Kite (1975),1,0.0
6,5,Clockwork Garden (1977),2,0.0
6,10,Sunny Orchard (1981),3,0.0
6,11,Kite Messenger (1982),4,0.0
6,12,Harbor Lullaby (1983),5,0.0
6,13,Circus Lantern (1983),6,0.0
6,14,Picnic Comet (1984),7,0.0
6,15,Garden Balloon (1985),8,0.0
6,16,Quiet Marionette (1986),9,0.0
6,17,Little Windmill (1986),10,0.0
7,1,Paper Kite (1975),1,0.0
7,3,Maple Circus (1976),2,0.0
7,6,Bubble Parade (1978),3,0.0
7,7,Starling School (1979),4,0.0
7,8,Velvet Carousel (1980),5,0.0
7,9,Pebble Kingdom (1980),6,0.0
7,15,Garden Balloon (1985),7,0.0
7,16,Quiet Marionette (1986),8,0.0
7,24,Shadow Warrant (1992),9,0.0
7,25,Crimson Stakeout (1992),10,0.0
8,1,Paper Kite (1975),1,0.0
8,9,Pebble Kingdom (1980),2,0.0
8,11,Kite Messenger (1982),3,0.0
8,12,Harbor Lullaby (1983),4,0.0
8,13,Circus Lantern (1983),5,0.0
8,16,Quiet Marionette (1986),6,0.0
8,17,Little Windmill (1986),7,0.0
8,18,Amber Playground (1987),8,0.0
8,21,Iron Vendetta (1989),9,0.0
8,22,Night Convoy (1990),10,0.0
9,3,Maple Circus (1976),1,0.0
9,4,River Picnic (1977),2,0.0
9,6,Bubble Parade (1978),3,0.0
9,16,Quiet Marionette (1986),4,0.0
9,17,Little Windmill (1986),5,0.0
9,18,Amber Playground (1987),6,0.0
9,19,Cloud Tram (1988),7,0.0
9,20,Feather Bridge (1989),8,0.0
9,24,Shadow Warrant (1992),9,0.0
9,25,Crimson Stakeout (1992),10,0.0
10,4,River Picnic (1977),1,0.0
10,5,Clockwork Garden (1977),2,0.0
10,12,Harbor Lullaby (1983),3,0.0
10,13,Circus Lantern (1983),4,0.0
10,15,Garden Balloon (1985),5,0.0
10,16,Quiet Marionette (1986),6,0.0
10,17,Little Windmill (1986),7,0.0
10,18,Amber Playground (1987),8,0.0
10,19,Cloud Tram (1988),9,0.0
10,20,Feather Bridge (1989),10,0.0
11,1,Paper Kite (1975),1,0.0
11,3,Maple Circus (1976),2,0.0
11,6,Bubble Parade (1978),3,0.0
11,7,Starling School (1979),4,0.0
11,9,Pebble Kingdom (1980),5,0.0
11,10,Sunny Orchard (1981),6,0.0
11,11,Kite Messenger (1982),7,0.0
11,12,Harbor Lullaby (1983),8,0.0
11,13,Circus Lantern (1983),9,0.0
11,14,Picnic Comet (1984),10,0.0
12,3,Maple Circus (1976),1,0.0
12,4,River Picnic (1977),2,0.0
12,5,Clockwork Garden (1977),3,0.0
12,12,Harbor Lullaby (1983),4,0.0
12,16,Quiet Marionette (1986),5,0.0
12,17,Little Windmill (1986),6,0.0
12,18,Amber Playground (1987),7,0.0
12,19,Cloud Tram (1988),8,0.0
12,20,Feather Bridge (1989),9,0.0
12,22,Night Convoy (1990),10,0.0
13,1,Paper Kite (1975),1,0.0
13,2,Lantern Harbor (1975),2,0.0
13,5,Clockwork Garden (1977),3,0.0
13,6,Bubble Parade (1978),4,0.0
13,7,Starling School (1979),5,0.0
13,12,Harbor Lullaby (1983),6,0.0
13,13,Circus Lantern (1983),7,0.0
13,14,Picnic Comet (1984),8,0.0
13,15,Garden Balloon (1985),9,0.0
13,16,Quiet Marionette (1986),10,0.0
14,3,Maple Circus (1976),1,0.0
14,4,River Picnic (1977),2,0.0
14,6,Bubble Parade (1978),3,0.0
14,16,Quiet Marionette (1986),4,0.0
14,17,Little Windmill (1986),5,0.0
14,18,Amber Playground (1987),6,0.0
14,19,Cloud Tram (1988),7,0.0
14,20,Feather Bridge (1989),8,0.0
14,21,Iron Vendetta (1989),9,0.0
14,25,Crimson Stakeout (1992),10,0.0
15,4,River Picnic (1977),1,0.0
15,5,Clockwork Garden (1977),2,0.0
15,12,Harbor Lullaby (1983),3,0.0
15,13,Circus Lantern (1983),4,0.0
15,15,Garden Balloon (1985),5,0.0
15,16,Quiet Marionette (1986),6,0.0
15,17,Little Windmill (1986),7,0.0
15,18,Amber Playground (1987),8,0.0
15,19,Cloud Tram (1988),9,0.0
15,20,Feather Bridge (1989),10,0.0
16,1,Paper Kite (1975),1,0.0
16,3,Maple Circus (1976),2,0.0
16,6,Bubble Parade (1978),3,0.0
16,7,Starling School (1979),4,0.0
16,8,Velvet Carousel (1980),5,0.0
16,9,Pebble Kingdom (1980),6,0.0
16,10,Sunny Orchard (1981),7,0.0
16,11,Kite Messenger (1982),8,0.0
16,12,Harbor Lullaby (1983),9,0.0
16,13,Circus Lantern (1983),10,0.0
17,1,Paper Kite (1975),1,0.0
17,2,Lantern Harbor (1975),2,0.0
17,3,Maple Circus (1976),3,0.0
17,4,River Picnic (1977),4,0.0
17,5,Clockwork Garden (1977),5,0.0
17,8,Velvet Carousel (1980),6,0.0
17,11,Kite Messenger (1982),7,0.0
17,14,Picnic Comet (1984),8,0.0
17,23,Broken Alibi (1991),9,0.0
17,24,Shadow Warrant (1992),10,0.0
18,1,Paper Kite (1975),1,0.0
18,2,Lantern Harbor (1975),2,0.0
18,3,Maple Circus (1976),3,0.0
18,4,River Picnic (1977),4,0.0
18,5,Clockwork Garden (1977),5,0.0
18,14,Picnic Comet (1984),6,0.0
18,21,Iron Vendetta (1989),7,0.0
18,22,Night Convoy (1990),8,0.0
18,25,Crimson Stakeout (1992),9,0.0
18,28,Blackout Mile (1995),10,0.0
19,1,Paper Kite (1975),1,0.0
19,2,Lantern Harbor (1975),2,0.0
19,3,Maple Circus (1976),3,0.0
19,4,River Picnic (1977),4,0.0
19,5,Clockwork Garden (1977),5,0.0
19,7,Starling School (1979),6,0.0
19,14,Picnic Comet (1984),7,0.0
19,22,Night Convoy (1990),8,0.0
19,23,Broken Alibi (1991),9,0.0
19,24,Shadow Warrant (1992),10,0.0
20,1,Paper Kite (1975),1,0.0
20,2,Lantern Harbor (1975),2,0.0
20,3,Maple Circus (1976),3,0.0
20,4,River Picnic (1977),4,0.0
20,5,Clockwork Garden (1977),5,0.0
20,14,Picnic Comet (1984),6,0.0
20,21,Iron Vendetta (1989),7,0.0
20,24,Shadow Warrant (1992),8,0.0
20,25,Crimson Stakeout (1992),9,0.0
20,28,Blackout Mile (1995),10,0.0
21,1,Paper Kite (1975),1,0.0
21,2,Lantern Harbor (1975),2,0.0
21,3,Maple Circus (1976),3,0.0
21,4,River Picnic (1977),4,0.0
21,5,Clockwork Garden (1977),5,0.0
21,7,Starling School (1979),6,0.0
21,14,Picnic Comet (1984),7,0.0
21,21,Iron Vendetta (1989),8,0.0
21,22,Night Convoy (1990),9,0.0
21,23,Broken Alibi (1991),10,0.0
22,1,Paper Kite (1975),1,0.0
22,2,Lantern Harbor (1975),2,0.0
22,3,Maple Circus (1976),3,0.0
22,4,River Picnic (1977),4,0.0
22,5,Clockwork Garden (1977),5,0.0
22,8,Velvet Carousel (1980),6,0.0
22,11,Kite Messenger (1982),7,0.0
22,14,Picnic Comet (1984),8,0.0
22,23,Broken Alibi (1991),9,0.0
22,24,Shadow Warrant (1992),10,0.0
23,4,River Picnic (1977),1,0.0
23,5,Clockwork Garden (1977),2,0.0
23,6,Bubble Parade (1978),3,0.0
23,12,Harbor Lullaby (1983),4,0.0
23,13,Circus Lantern (1983),5,0.0
23,15,Garden Balloon (1985),6,0.0
23,21,Iron Vendetta (1989),7,0.0
23,22,Night Convoy (1990),8,0.0
23,23,Broken Alibi (1991),9,0.0
23,24,Shadow Warrant (1992),10,0.0
24,4,River Picnic (1977),1,0.0
24,5,Clockwork Garden (1977),2,0.0
24,6,Bubble Parade (1978),3,0.0
24,12,Harbor Lullaby (1983),4,0.0
24,13,Circus Lantern (1983),5,0.0
24,15,Garden Balloon (1985),6,0.0
24,21,Iron Vendetta (1989),7,0.0
24,22,Night Convoy (1990),8,0.0
24,23,Broken Alibi (1991),9,0.0
24,24,Shadow Warrant (1992),10,0.0
